Project #,Opportunity Title,Pier Load Calcs,Total MW,Module/Row ,DWS (),Snow Load ,Mod Len,Hole c/c,Mod Wid,Mod Thickness,Mod  Weight,Pier Height,GCR,EXT - Total Piers,EXT - Drive Piers,EDG - Total Piers,EDG - Drive Piers,INT - Total Piers,INT - Drive Piers,Tracker Version,"Panel Rail Length Group, A","Panel Hole Spacing Group, B"
1000748,"Nextera, Charlotte, VT - 3.2MW",https://nextracker.box.com/s/e2jp2mivgwqiellfwv2lvluyrnrhdgom,3.2,120,99.00,40,2067,974,998,35,51,6.5,0.35,8,8,8,4,,,NXG - 1.3.3.4,3,4
1189756,Belectric - Shoval - Israel - 11MW,https://nextracker.app.box.com/file/718001977000?s=hjp8qll40thgnsp3wwcyf88jq3c4dwf8,11,56,54.00,0,2111,1004,1046,30,63.1,6.5,0.49,4,4,4,3,,,NXG - 1.3.4.7,4,7
998547,"Nextera, Ethan Allen Solar, VT - 3.2MW",https://nextracker.app.box.com/file/718896258696,3.2,120,98.00,40,2024,960,1002,35,57.3,6.5,37%%,8,8,8,4,,,NXG - 1.3.2.3,2,3
1194472,Enel - Finis Terrae 3 Extension GEMINI - Chile - 20MW (POSMAC),https://nextracker.box.com/s/9b95m7nwvy88ij0clczymlzx3bigyzo1,20,112,67.10,0,2205,984,1032,35,55.11,6.5,0.35,7,7,6,4,,,NXG - 1.3.6.5,6,5
1209206,Blue Oak Energy - Northern California - 350MW - Gemini,https://nextracker.box.com/s/og24kp0vyokiplxus4di8ginn7uh9nwl,350,112,100.00,0,2108,1010,1042,36,63.93,6.5,0.35,8,8,7,4,,,NXG - 1.3.4.8,4,8
1096537,"Strata Solar - Bookers Mill, VA - 152.56MW",https://nextracker.box.com/s/5b4hqsq5rmgt5ofnoz74navfl80mwwr3,152.56,104,105.00,20,2182,979,1029,40,55.12,7.61,0.49,8,8,7,4,,,NXG - 1.3.5.5,5,5
1216427,Aldesa - Durango - Mexico - 374MW - Gemini,https://nextracker.box.com/s/j6q88ffsgt2owkwmvxxttbpw8z8u8uva,374,104,105.00,0,2205,982,1032,40,58.42,6.5,0.35,8,8,7,4,,,NXG - 1.3.6.5,6,5
1235902,Sacyr - Durango - Mexico - 374MW - Gemini,https://nextracker.box.com/s/r3c9qm0w1oz732g19ab0lkgb7ry0rf1r,374,112,110.00,0,2205,982,1032,40,1032,6.5,0.35,9,9,7,5,,,NXG - 1.3.6.5,6,5
1068682,CAF TE - Badajoz (Sonnedix)- Spain - 50MW,https://nextracker.box.com/s/jfhjxdmfhsc852p564ylgj0suuds3am7,50,112,83.35,4.44,2102,995,1040,35,52.9,6.5,0.35,9,9,7,5,,,NXG - 1.3.4.6,4,6
1240515,"M-Y-R Transmission Service - Fish Springs, NV - 130MW - Gemini",https://nextracker.app.box.com/file/728231184266,130,104,105.00,15,2008,952,1002,40,49.6,6.5,0.3,6,6,6,4,,,NXG - 1.3.2.2,2,2
1240515,"M-Y-R Transmission Service - Fish Springs, NV - 130MW - Gemini",https://nextracker.app.box.com/file/728233043042,130,52,105.00,15,2008,952,1002,40,49.6,6.5,0.3,3,3,3,2,,,NXG - 1.3.2.2,2,2
1162988,"Moss - Hale Kuawehi, HI - 48MW",https://nextracker.app.box.com/file/730104190302?s=b8eta7r4c275wommq95ulq0h0qk009v3,48,54,120.00,0,2260,1019,1048,32,65.9,6.5,0.4,6,6,4,3,,,NXG - 1.3.7.9,7,9
1162988,"Moss - Hale Kuawehi, HI - 48MW",https://nextracker.app.box.com/file/729755281735?s=zj5konjg5gj86y2y6tunn4iy8shdwnyf,48,108,120.00,0,2260,1019,1048,32,65.9,6.5,0.4,11,11,8,6,,,NXG - 1.3.7.9,7,9
1192062,"Signal - Big Star, TX - 231MW - Gemini",https://nextracker.app.box.com/file/716784152109?s=vuefrl4qi7lsik1k2ka63pl1erhe340b,231,112,104.00,5,2094,997,1038,35,60.62,6.5,0.35,8,8,7,4,,,NXG - 1.3.3.7,3,7
1192062,"Signal - Big Star, TX - 231MW - Gemini",https://nextracker.app.box.com/file/718936464535?s=blni2kypt79r5zdm3yvhaccb2grz5yr4,231,56,105.00,5,2094,997,1038,35,60.02,6.5,0.35,4,4,4,3,,,NXG - 1.3.3.7,3,7
1192264,"AUI - Fleet WCCS, OR - 0.5MW - GEMINI",https://nextracker.box.com/s/afaxbsr9ffcufpu8btk9nau7q0cuzrm3,0.5,112,95.00,17,2022,963,992,30,56.7,6.5,0.49,7,7,7,4,,,NXG - 1.3.2.3,2,3
1195474,"AUI - Greenhill Solar, OR - 1MW",https://nextracker.box.com/s/2b99uh3ychl6pj712vfmbcjnjiu63yp9,1,112,95.00,24,2022,963,992,30,56.7,6.7,0.49,7,7,7,4,,,NXG - 1.3.2.3,2,3
1250033,"SunConnect - High Street, MA - 8MW - GEMINI",https://nextracker.box.com/s/vhzrc8s5anmhxm04xit9v4xm6w6uxuj9,8,112,117.00,30,2131,1011,1052,35,65.03,6.5,0.3,10,10,8,6,,,NXG - 1.3.4.8,4,8
1249833,"SunConnect - Simmons Street, MA - 2MW - GEMINI",https://nextracker.box.com/s/o88hmbnfbuip63s8y3ee6lc7sf4pe5a6,2,112,117.00,30,2131,1011,1052,35,65.03,6.5,0.3,10,10,8,6,,,NXG - 1.3.4.8,4,8
1217129,"SunConnect - Gurney Rd, MA - 2.5MW - GEMINI",https://nextracker.app.box.com/file/719394722288,2.5,112,118.00,30,2131,1011,1052,35,65.03,6.5,0.3,11,11,8,7,,,NXG - 1.3.4.8,4,8
1211206,"SunConnect - Quarry Drive, MA - 8MW - GEMINI",https://nextracker.app.box.com/file/719377022846,8,112,117.00,30,2131,1011,1052,35,65.03,6.5,0.3,11,11,9,6,,,NXG - 1.3.4.8,4,8
1203992,Power China- Ar Rass - Saudi Arabia - 844MW_NXG,https://nextracker.app.box.com/file/733217737257,844,120,110.00,0,2206,1074,1122,35,62.17,6.5,0.35,12,12,8,6,,,NXG - 1.3.6.14,6,14
1239905,System off Grid - Le Bouillon - France - 35MW,https://nextracker.app.box.com/file/732244209021,35,108,80.00,9,2094,997,1038,35,60.62,6.5,0.35,8,8,7,4,,,NXG - 1.3.3.7,3,7
1239905,System off Grid - Le Bouillon - France - 35MW,https://nextracker.app.box.com/file/732248262326,35,54,80.00,9,2094,997,1038,35,60.62,6.5,0.35,4,4,4,3,,,NXG - 1.3.3.7,3,7
1256451,"Narenco - Stanly Solar, NC - 43MW Gemini",https://nextracker.app.box.com/file/731862526612?s=jf8l34xzu9kz0oevm8mbtnrv2xmzn4uj,43,108,105.00,10,2094,997,1038,35,60.62,6.5,0.42,7,7,6,4,,,NXG - 1.3.3.7,3,7
1256451,"Narenco - Stanly Solar, NC - 43MW Gemini",https://nextracker.app.box.com/file/732247802713?s=o78l8tqwbqylyrwwjh560rm2tmrw1m90,43,54,105.00,10,2094,997,1038,35,60.62,6.5,0.42,4,4,4,3,,,NXG - 1.3.3.7,3,7
1198483,"SunPower, Ferrini Flats, CA - 10MW - Gemini",https://nextracker.app.box.com/file/711865618727,10,104,86.00,0,1999,973,1016,40,40.5,6.5,0.49,6,6,6,4,,,NXG - 1.3.1.4,1,4
1096538,"McCarthy - Maple Flats, IL - 334MW",https://nextracker.app.box.com/file/720463497060?s=jf884a34jwpnotqi5aen0xgqh2s5uud5,334,108,100.00,20,2131,1011,1052,35,65.04,6.5,0.35,7,7,7,4,,,NXG - 1.3.4.8,4,8
1096538,"McCarthy - Maple Flats, IL - 334MW",https://nextracker.app.box.com/file/720467210906,334,54,100.00,20,2131,1011,1052,35,65.04,6.5,0.35,4,4,4,3,,,NXG - 1.3.4.8,4,8
1264461,"Konisto - DIA 7, CO - 12.41 MW- Gemini",https://nextracker.app.box.com/file/733440474064?s=x2fva3dnyxnmgxvmwappzkyjnclm3iwp,12.41,108,105.00,30,2031,958,1008,40,51.3,6.5,0.35,7,7,7,4,,,NXG - 1.3.2.3,2,3
1188156,"Alternative Power - Kupono Solar , HI - Gemini 46 MW",https://nextracker.app.box.com/file/705935654700,46,116,130.00,0,2031,966,1011,35,57.98,7,0.35,12,12,11,5,,,NXG - 1.3.2.4,2,4
1188156,"Alternative Power - Kupono Solar , HI - Gemini 46 MW",https://nextracker.app.box.com/file/705936237780,46,112,130.00,0,2067,,,35,56,7,0.35,13,13,11,7,,,NXG - 1.3.FSLR S6,3,-94
1253138,Metka - Meseta - Chile - 160MW - Gemini,https://nextracker.app.box.com/file/737098690052,160,112,79.00,20.89,2111,1004,1046,30,63.1,6.5,0.35,8,8,7,4,,,NXG - 1.3.4.7,4,7
1180745,"SunPower - Kupono, HI - 46MW",https://nextracker.app.box.com/file/741278739748?s=fvnmh2x600omynly8rdd4hzpta7fjuai,46,128,107.00,0,2067,1006,1046,46,56,7,0.49,10,10,7,4,,,NXG - 1.3.3.8,3,8
1252738,"Rosendin - Richfield Solar, MD - 68.5MW",https://nextracker.box.com/s/rr6ho6k0n60idx0a3b5kc3m1bbo4leyp,68.5,108,107.00,20,2094,997,1038,35,60.62,6.5,0.35,8,8,7,4,,,NXG - 1.3.3.7,3,7
1273285,"Kiewit - Strathmore Solar, Canada - 48.5MW NX Gemini",https://nextracker.box.com/s/xadas11265s1omqpf35e554is02f97bq,48.5,108,97.60,25,2128,1012,1048,30,63.93,6.5,0.35,8,8,7,5,,,NXG - 1.3.4.8,4,8
1273785,"Cupertino Electric - Badger Hollow 2, WI - 188MW - Gemini",https://nextracker.box.com/s/vrughfvfqallen6yypmnyyjvaqui96nd,188,104,105.00,30,2094,997,1038,35,60.627,6.5,0.33,8,8,7,4,,,NXG - 1.3.3.7,3,7
1275688,"CS Energy - Arney, NY - 6.5MW - Gemini",https://nextracker.box.com/s/3cajuoda013j4rrxhvgkmrbk750ifnyc,6.5,104,101.00,40,2031,969,1011,30,59.1,6.5,0.35,7,7,7,4,,,NXG - 1.3.2.4,2,4
1207003,"Gemma Power - CPV Maple Hill, PA - 127MW - Gemini",https://nextracker.box.com/s/348cj71jnq1n4o6qhnowasggred33wne,127,108,101.00,50,2132,1040,1048,30,63.93,7,0.46,9,9,8,5,,,NXG - 1.3.4.11,4,11
1269873,"ESA Renewables, C W Bill Young Reservoir, FL, 1MW - Gemini",https://nextracker.box.com/s/4kybipmgahw508p9xg1qpfzy4ye05wal,1,112,139.00,0,2108,1007,1048,40,54.9,6.5,0.35,15,15,11,8,,,NXG - 1.3.4.8,4,8
1269373,"Moss - Pecan Prairie Solar, TX - 559MW - Gemini",https://nextracker.app.box.com/file/740039814207,559,116,101.00,5,2230,1086,1134,40,64.26,6.5,0.49,10,10,7,4,,,NXG - 1.3.6.16,6,16
1269373,"Moss - Pecan Prairie Solar, TX - 559MW - Gemini",https://nextracker.app.box.com/file/740039805807,559,58,101.00,5,2230,1086,1134,40,64.26,6.5,0.49,6,6,4,3,,,NXG - 1.3.6.16,6,16
1180747,"Invenergy - Yum Yum, TN - 190 MW - Gemini",https://nextracker.app.box.com/file/697342769846?s=y55kg94levkrkywl63n09igb3uz72aw7,190,108,100.00,10,2131,1011,1052,35,65.04,6.5,0.49,8,8,7,4,,,NXG - 1.3.4.8,4,8
1180747,"Invenergy - Yum Yum, TN - 190 MW - Gemini",https://nextracker.app.box.com/file/723358111997?s=20qh0gn2adph3vcm7m94o7b4sn5wmb7s,190,54,100.00,10,2131,1011,1052,35,65.03,6.5,0.32,4,4,4,3,,,NXG - 1.3.4.8,4,8
1219530,Enel - Finis Terrae 3 Extension - Chile - 3MW NXG (POSMAC),https://nextracker.box.com/s/y4z2464u0zi3kebib3bct7driqehde4z,3,112,67.10,0,2205,984,1032,35,55.11,6.5,0.35,7,7,6,4,,,NXG - 1.3.6.5,6,5
841121,"Moss - Mililani I, HI - 50.1MW",https://nextracker.app.box.com/file/710608632144?s=er6f07qcob6g03m1p5y9t0x0luetdqrt,50.1,116,130.00,0,2037,969,1005,35,58.4,7,0.49,12,12,8,6,,,NXG - 1.3.2.4,2,4
841121,"Moss - Mililani I, HI - 50.1MW",https://nextracker.app.box.com/file/717999706816?s=jrncfqe08snq0s1u6ri5iuy0n6r4tbq6,50.1,58,130.00,0,2037,969,1005,30,58.42,7,0.49,6,6,5,3,,,NXG - 1.3.2.4,2,4
841021,"Moss - Waiawa Solar, HI - 45.42MW",https://nextracker.box.com/s/4n022iif7kvskj2rhg2ay0tjex4mfvpj,45.42,116,130.00,0,2037,969,1005,35,58.4,7,0.49,12,12,8,6,,,NXG - 1.3.2.4,2,4
1144544,"Moss Solar - Crystal River, FL - 91.56MW - Gemini",https://nextracker.app.box.com/file/718002359712?s=rsqfa4u1vr5ewg9zvh44go8s57vpe917,45.42,58,130.00,0,2037,969,1005,30,58.42,7,0.49,6,6,5,3,,,NXG - 1.3.2.4,2,4
966498,Belectric - GEVIM - Israel - 12.6MW - NXG (Half Site),https://nextracker.app.box.com/file/727056605436,12.6,112,105.00,0,2037,969,1005,30,67.02,6.5,0.45,7,7,6,4,,,NXG - 1.3.2.4,2,4
966498,Belectric - GEVIM - Israel - 12.6MW - NXG (Half Site),https://nextracker.app.box.com/file/728541114136,12.6,56,54.00,0,2117,1016,1056,35,60.627,6.5,0.45,5,5,4,3,,,NXG - 1.3.4.9,4,9
1235803,MEINS - NX ACCELERATOR Tracker - Spain - 1 MW,https://nextracker.box.com/s/nnfv1lkevtr9qc15mwaww1a21cmau5k0,1,120,81.00,11.4,2132,1019,1048,30,62.6,6.5,0.41,10,10,8,5,,,NXG - 1.3.4.9,4,9
1170410,"Open Road Renewables - Walnut Solar, VA - 187MW",https://nextracker.box.com/s/wmowpzb9cdw56359es1ttd6ps7fopqx5,187,112,90.00,20,2094,997,1038,35,60.627,6.5,0.35,7,7,7,4,,,NXG - 1.3.3.7,3,7
1266262,Enerside - Centauro - Chile - 10MW,https://nextracker.app.box.com/file/743222611753?s=zlb4qflmuk9roid1okz3walikh9tb9mb,10,108,89.00,5.12,2163,980,1030,30,55.12,6.5,0.35,8,8,6,4,,,NXG - 1.3.5.5,5,5
1130223,"Black & Veatch - Oystercatcher Solar, TX - 260MW",https://nextracker.app.box.com/file/743169149043,260,112,133.00,0,2008,952,1002,40,49.6,6.5,0.35,12,12,9,6,,,NXG - 1.3.2.2,2,2
1253038,RES -  Enterprise - Canada - 115MW,https://nextracker.app.box.com/file/742281402067?s=r5etdnod6nglmvke2vlq4c3wxr86y0el,115,104,88.50,30,2256,1092,1133,35,71.21,6.5,0.39,9,9,7,5,,,NXG - 1.3.7.16,7,16
1258251,Invenergy - Tepuy - Colombia - 100MW - Gemini,https://nextracker.app.box.com/file/529809100291?s=mq7msagxc5av2tt8yo417vebda81k72r,100,116,49.50,0,2256,1092,1133,35,71.209,6.5,0.35,8,8,7,4,,,NXG - 1.3.7.16,7,16
1276387,"Potentia Renewables - Little Basket Solar, NM - 195MW - Gemini",https://nextracker.app.box.com/file/745082233574?s=4gd79f17rtl12w2zgib1vv41zurxoujs,195,54,105.00,15,2290,1085,1135,40,65.04,6.5,0.33,4,4,4,3,,,NXG - 1.3.7.15,7,15
1276387,"Potentia Renewables - Little Basket Solar, NM - 195MW - Gemini",https://nextracker.app.box.com/file/742410993826?s=3l3kaztwu1l1rhxzperfuj3wxffbc8fn,195,108,105.00,15,2290,1085,1135,40,65.04,6.5,0.33,8,8,7,5,,,NXG - 1.3.7.15,7,15
1280893,"Borrego - Blue Star Hwy, VA - 9 MW - Gemini",https://nextracker.app.box.com/file/741348892474?s=und6vu683zeecm77j960jv0wpyaigmum,9,104,95.00,15,2266,1102,1140,30,72.53,6.5,0.33,8,8,7,5,,,NXG - 1.3.7.17,7,17
1281793,"IEA - Badger Hollow II Solar, WI - 187.5MW",https://nextracker.app.box.com/file/744006843594?s=fhw9qttkm5smtnfmo7ry6h83hcyv73xu,187.5,52,105.00,30,2094,997,1038,35,60.62,6.5,0.35,4,4,4,2,,,NXG - 1.3.3.7,3,7
1281793,"IEA - Badger Hollow II Solar, WI - 187.5MW",https://nextracker.app.box.com/file/741340855162?s=nju9whuezax9xnhxdu1a1wddwxjbuk1t,187.5,104,105.00,30,2094,997,1038,35,60.62,6.5,0.35,8,8,7,4,,,NXG - 1.3.3.7,3,7
1021800,"SunPower - EBMUD Duffel, CA - 5MW",https://nextracker.app.box.com/file/744035080851?s=bawctmoumxroxo0im2297xa364weg1fy,5,52,110.00,0,1999,974,1016,40,40.5,6.5,0.49,5,5,4,4,,,NXG - 1.3.1.4,1,4
1021800,"SunPower - EBMUD Duffel, CA - 5MW",https://nextracker.app.box.com/file/738315649943?s=07n6fz77zz0xk7i8n6mux106nghtvwfk,5,104,110.00,0,1999,974,1016,40,40.5,6.5,0.49,8,8,6,4,,,NXG - 1.3.1.4,1,4
1271279,Atlas - Casa Blanca Extension - Brazil - 239MW - Gemini,https://nextracker.app.box.com/file/742790724413?s=e90rkhqu7c79xcklf5uw98oecjx58qa0,239,112,74.40,0,2274,1086,1134,30,73.41,6.5,0.35,9,9,7,5,,,NXG - 1.3.7.16,7,16
1290999,"Blattner - Badger Hollow 2, WI - 188MW - Gemini",https://nextracker.app.box.com/file/745158867725,188,52,105.00,30,2094,997,1038,35,60.62,8.5,0.35,4,4,4,3,,,NXG - 1.3.3.7,3,7
1290999,"Blattner - Badger Hollow 2, WI - 188MW - Gemini",https://nextracker.app.box.com/file/743215403891,188,104,105.00,30,2094,997,1038,35,60.62,6.75,0.35,8,8,7,4,,,NXG - 1.3.3.7,3,7
1077802,Engie - Mazara Del Vallo - Italy - 65MW,https://nextracker.box.com/s/t6sj0c7wh5cjsq7u6rdzhj91ew200egr,65,112,65.65,12.53,2256,1086,1133,35,71.21,6.5,0.43,15,15,8,8,,,NXG - 1.3.7.16,7,16
1276387,"Potentia Renewables - Little Basket Solar, NM - 195MW - Gemini",https://nextracker.app.box.com/file/742410993826?s=3l3kaztwu1l1rhxzperfuj3wxffbc8fn,195,108,105.00,15,2290,1085,1135,40,65.04,6.5,0.33,8,8,7,7,,,NXG - 1.3.7.15,7,15
1276387,"Potentia Renewables - Little Basket Solar, NM - 195MW - Gemini",https://nextracker.app.box.com/file/745082233574?s=4gd79f17rtl12w2zgib1vv41zurxoujs,195,54,105.00,15,2290,1085,1135,40,65.04,6.5,0.33,4,4,4,3,,,NXG - 1.3.7.15,7,15
1284097,Engie - Paterno Gemini - Italy - 37MW,https://nextracker.box.com/s/5y0mnurbxzxdvzix8ckirfur8uje601b,37,116,62.65,12.53,2256,1092,1133,35,1092,6.5,0.43,16,16,8,8,,,NXG - 1.3.7.16,7,16
841121,"Moss - Mililani I, HI - 50.1MW",https://nextracker.app.box.com/file/710608632144?s=er6f07qcob6g03m1p5y9t0x0luetdqrt,50.1,116,130.00,0,2037,969,1005,35,58.4,7,0.49,12,12,8,6,,,NXG - 1.3.2.4,2,4
841121,"Moss - Mililani I, HI - 50.1MW",https://nextracker.app.box.com/file/717999706816?s=jrncfqe08snq0s1u6ri5iuy0n6r4tbq6,50.1,58,130.00,0,2037,969,1005,30,58.42,7,0.49,6,6,5,3,,,NXG - 1.3.2.4,2,4
1180745,"SunPower - Kupono, HI - 46MW",https://nextracker.app.box.com/file/741278739748?s=fvnmh2x600omynly8rdd4hzpta7fjuai,46,128,107.00,0,2067,1006,1046,46,56,7,0.49,10,10,7,4,,,NXG - 1.3.3.8,3,8
1180745,"SunPower - Kupono, HI - 46MW",https://nextracker.app.box.com/file/747869518273?s=z53oj9g4wsfvm17cuc13z2wkkmzg57t2,46,64,107.00,0,2067,1006,1046,46,56,6.5,0.49,5,5,4,3,,,NXG - 1.3.3.8,3,8
1016987,"EDF - Rockford Baxter Road, IL - 3MW",https://nextracker.box.com/s/v97oq5k9pezagnmfgew1po42qbeng5r8,3,108,105.00,25,1956,946,992,35,48.94,7.5,0.4,8,8,8,4,,,NXG - 1.3.1.2,1,2
1290599,"Adapture - Signal Ranch, TX - 60MW - Gemini",https://nextracker.app.box.com/file/745111765947?s=d0dazufsw00bvlmsnqfo2rrpzcl1xmv1,60,116,98.00,5,1966,954,992,40,954,6.5,0.35,7,7,6,4,,,NXG - 1.3.1.2,1,2
1290600,"Adapture - Signal Ranch, TX - 60MW - Gemini",https://nextracker.app.box.com/file/744076281766,60,54,98.00,5,2205,982,1032,40,58.42,6.5,0.35,4,4,3,2,,,NXG - 1.3.6.5,6,5
1290601,"Adapture - Signal Ranch, TX - 60MW - Gemini",https://nextracker.app.box.com/file/744076953390,60,108,98.00,5,2205,982,1032,40,58.42,6.5,0.35,7,7,6,4,,,NXG - 1.3.6.5,6,5
1290602,"Adapture - Signal Ranch, TX - 60MW - Gemini",https://nextracker.app.box.com/file/744075802925,60,116,98.00,5,2205,982,1032,40,58.42,6.5,0.35,4,4,4,2,,,NXG - 1.3.6.5,6,5
1288399,"Moss - Elderbranch, FL - 108.03MW - Gemini",https://nextracker.box.com/s/320el2rupw7bs8sozqxh0k3ew85fi8l2,108.3,112,142.00,0,2008,952,1002,40,49.6,6.5,0.35,14,14,11,7,,,NXG - 1.3.2.2,2,2
1294220,"M-Y-R Energy - Badger Hollow II, WI - 187MW - Gemini",https://nextracker.box.com/s/0zviqd2lc0gj50u3tu67ruehgg1xuryr,187,104,100.00,30,2094,989,1038,35,51.8,6.5,0.33,7,7,7,4,,,NXG - 1.3.3.6,3,6
810142,"Moss - Mahi Solar, HI - 160MW",https://nextracker.app.box.com/file/748792601719,160,120,135.00,0,2009,,1232,49,77.16,6.5,0.35,16,16,11,9,,,NXG - 1.3.FSLR S6,2,-94
810143,"Moss - Mahi Solar, HI - 160MW",https://nextracker.app.box.com/file/748792439291,160,120,135.00,0,2024,,1245,49,76.94,6.5,0.35,16,16,11,9,,,NXG - 1.3.FSLR S6,2,-94
810144,"Moss - Mahi Solar, HI - 160MW",https://nextracker.app.box.com/file/748792510365,160,60,135.00,0,2024,,1245,49,76.94,6.5,0.35,8,8,6,5,,,NXG - 1.3.FSLR S6,2,-94
810145,"Moss - Mahi Solar, HI - 160MW",https://nextracker.app.box.com/file/748792905903,160,60,135.00,0,2009,,1232,49,77.16,6.5,0.35,8,8,6,5,,,NXG - 1.3.FSLR S6,2,-94
1271279,Atlas - Casa Blanca Extension - Brazil - 239MW - Gemini,https://nextracker.box.com/s/57jyobiyq1zx9oaq65mlnz77l8nb999n,239,112,77.00,0,2274,1086,1134,30,73.41,6.5,0.35,9,9,7,5,,,NXG - 1.3.7.16,7,16
1293918,"DEPCOM - Gemini Solar, NV - 967 MW - NX Gemini",https://nextracker.app.box.com/file/747886451129,967,54,105.00,0,2094,997,1038,35,60.63,6.5,0.27,4,4,4,3,,,NXG - 1.3.3.7,3,7
1293919,"DEPCOM - Gemini Solar, NV - 967 MW - NX Gemini",https://nextracker.app.box.com/file/747885754905,967,108,105.00,0,2094,997,1038,35,60.63,6.5,0.4,7,7,6,4,,,NXG - 1.3.3.7,3,7
1293919,"DEPCOM - Gemini Solar, NV - 967 MW - NX Gemini",https://nextracker.app.box.com/file/747885945019,967,54,105.00,0,2094,997,1038,35,60.63,6.5,0.4,4,4,4,3,,,NXG - 1.3.3.7,3,7
1293920,"DEPCOM - Gemini Solar, NV - 967 MW - NX Gemini",https://nextracker.app.box.com/file/747882611762,967,108,105.00,0,2094,997,1038,35,60.63,6.5,0.27,7,7,6,4,,,NXG - 1.3.3.7,3,7
1264461,"Konisto - DIA 7, CO - 12.41 MW- Gemini",https://nextracker.app.box.com/file/747872411048?s=xtmj2l4rorlxrll8z0vo5punbw2ivct8,12.41,108,105.00,35,2094,1000,1038,35,54.01,6.5,0.35,7,7,7,4,,,NXG - 1.3.3.7,3,7
1264461,"Konisto - DIA 7, CO - 12.41 MW- Gemini",https://nextracker.app.box.com/file/733440474064?s=x2fva3dnyxnmgxvmwappzkyjnclm3iwp,12.41,108,105.00,30,2000,946,992,35,50.7,6.5,0.35,7,7,7,4,,,NXG - 1.3.1.2,1,2
495891,"Moss - Pulehu Solar, HI - 54.5MW",https://nextracker.app.box.com/file/745916268069,54.5,120,100.00,0,2024,,1245,48.5,76.94,6.5,0.35,9,9,8,6,,,NXG - 1.3.FSLR S6,2,-94
495892,"Moss - Pulehu Solar, HI - 54.5MW",https://nextracker.app.box.com/file/745913418532,54.5,60,100.00,0,2024,,1245,48.5,76.94,6.5,0.35,5,5,5,3,,,NXG - 1.3.FSLR S6,2,-94
495893,"Moss - Pulehu Solar, HI - 54.5MW",https://nextracker.app.box.com/file/745604250757,54.5,120,100.00,0,2009,,1232,48.5,77.16,6.5,0.35,9,9,8,6,,,NXG - 1.3.FSLR S6,2,-94
495894,"Moss - Pulehu Solar, HI - 54.5MW",https://nextracker.app.box.com/file/745605399763,54.5,60,100.00,0,2009,,1232,48.5,77.16,6.5,0.35,5,5,5,3,,,NXG - 1.3.FSLR S6,2,-94
1299634,"Black & Veath - Sandy Creek Solar, FL - 98.8MW - Gemini",https://nextracker.app.box.com/file/748777109958,98.8,60,120.00,0,2009,,1232,49,76.05,6.5,0.37,12,12,9,8,,,NXG - 1.3.FSLR S6,2,-94
1299634,"Black & Veath - Sandy Creek Solar, FL - 98.8MW - Gemini",https://nextracker.app.box.com/file/748789201513,98.8,60,100.00,0,2009,,1232,48.5,77.16,6.5,0.35,5,5,5,3,,,NXG - 1.3.FSLR S6,2,-94
1301634,"WOOD PLC - Flatland, TX - 233.18MW - Gemini",https://nextracker.box.com/s/00zsqt5b5kwwf0e0hi14ev20xdmwlbh5,233.18,,,,,,,,,,,,,,,,,NXG - 1.3.FSLR S6,-39,-94
1300034,"Moss - Neptunesolar, CO - 400MW",https://nextracker.box.com/s/m8vx7zt4b66et41temdzjxm8epuwar4e,400,104,105.00,10,2008,952,1002,40,49.6,6.5,0.35,6,6,6,4,,,NXG - 1.3.2.2,2,2
1266262,Enerside - Centauro - Chile - 10MW,https://nextracker.box.com/s/bkv9e631q03io9sxlkn0634ein5hiegw,10,104,89.00,5.12,2163,980,1030,30,57.32,6.5,0.35,8,8,6,4,,,NXG - 1.3.5.5,5,5
810142,"Moss - Mahi Solar, HI - 160MW - Gemini",https://nextracker.app.box.com/file/748792601719,160,120,135.00,0,2009,,1232,49,77.16,6.5,0.35,16,16,11,9,,,NXG - 1.3.FSLR S6,2,-94
810142,"Moss - Mahi Solar, HI - 160MW - Gemini",https://nextracker.app.box.com/file/748792510365,160,60,135.00,0,2024,,1245,49,76.94,6.5,0.35,8,8,6,5,,,NXG - 1.3.FSLR S6,2,-94
1180747,"Invenergy - Yum Yum, TN - 190 MW - Gemini",https://nextracker.app.box.com/file/749059328264?s=3paj5do6hbjeoracsln2n85sm5pftu6z,190,54,100.00,10,2131,1011,1052,35,65.08,6.5,0.32,4,4,4,4,,,NXG - 1.3.4.8,4,8
1180747,"Invenergy - Yum Yum, TN - 190 MW - Gemini",https://nextracker.app.box.com/file/747874247895?s=7v8sahn1pwswk6l6pmxpf4brh41vtm6z,190,108,100.00,10,2131,1011,1052,35,65.08,6.5,0.32,7,7,6,4,,,NXG - 1.3.4.8,4,8
1299634,"Black & Veath - Sandy Creek Solar, FL - 98.8MW - Gemini",https://nextracker.app.box.com/file/748789201513,98.8,60,120.00,0,2009,,1232,49,76.05,6.5,0.37,6,6,5,4,,,NXG - 1.3.FSLR S6,2,-94
1299634,"Black & Veath - Sandy Creek Solar, FL - 98.8MW - Gemini",https://nextracker.app.box.com/file/748777109958,98.8,120,120.00,0,2009,,1232,49,76.05,6.5,0.37,12,12,9,8,,,NXG - 1.3.FSLR S6,2,-94
1300137,"Moss - Thunder Wolf Solar, CO - 320MW",https://nextracker.app.box.com/file/749504871039?s=4rhbs6vfzfvenxsb4j55fjy9epd69ceu,320,104,105.00,20,2008,952,1002,40,49.6,6.5,0.35,7,7,6,4,,,NXG - 1.3.2.2,2,2
1300034,"Moss - Neptune Solar, CO - 400MW",https://nextracker.app.box.com/file/748780053399?s=m8vx7zt4b66et41temdzjxm8epuwar4e,400,104,105.00,10,2008,952,1002,40,49.6,6.5,0.35,6,6,6,4,,,NXG - 1.3.2.2,2,2
1302240,"Kiewit - Powell's Creek Solar, VA - 95MW",https://nextracker.app.box.com/file/751153565927?s=rbg9ndaulyajy8gqq4udeiwzllot53yk,95,56,103.00,20,2300,1107,1143,35,72.31,6.5,0.36,6,6,4,4,,,NXG - 1.3.7.18,7,18
1302240,"Kiewit - Powell's Creek Solar, VA - 95MW",https://nextracker.app.box.com/file/750758732210?s=u8v3rt49736snrssawxqthk3745kmm73,95,112,103.00,20,2300,1107,1143,35,72.31,6.5,0.36,10,10,8,5,,,NXG - 1.3.7.18,7,18
1301634,"WOOD PLC - Flatland, TX - 233.18MW - Gemini",https://nextracker.app.box.com/file/751126375239?s=xb8xvaio5dt5ryafsmwc0ex8wi29tsn7,233.18,104,99.00,5,2260,10199,1048,32,65.9,6.5,0.4,7,7,6,4,,,NXG - 1.3.7.927,7,927
1301634,"WOOD PLC - Flatland, TX - 233.18MW - Gemini",https://nextracker.app.box.com/file/750756253860?s=dxt4cy5fnahnskchtqvfn99deab4f1n2,233.18,104,99.00,5,2260,1019,1048,32,65.9,8.5,0.4,8,8,6,4,,,NXG - 1.3.7.9,7,9
1307545,"IEA - Powell's Creek, VA - 98.4MW",https://nextracker.app.box.com/file/750763984226,98.4,108,103.00,20,2300,1107,1143,35,72.31,6.5,0.36,10,10,8,5,,,NXG - 1.3.7.18,7,18
1307545,"IEA - Powell's Creek, VA - 98.4MW",https://nextracker.app.box.com/file/750761057749,98.4,54,103.00,20,2300,1107,1143,35,72.31,6.5,0.36,5,5,4,3,,,NXG - 1.3.7.18,7,18
1295727,"Moss Solar, Jackpot Solar, ID - 155.98MW - Gemini",https://nextracker.app.box.com/file/752045898440?s=unluptcluexhzkvovpkqoj42yzkdtqz6,155.98,108,96.00,15,2024,960,1002,30,57.3,6.5,0.28,7,7,6,4,,,NXG - 1.3.2.3,2,3
1219730,"Wanzek - Bay Trail, FL - 91MW - NX Gemini",https://nextracker.app.box.com/file/753532456991,91,104,122.00,0,2163,980,1030,35,65.04,6.5,0.35,11,11,8,5,,,NXG - 1.3.5.5,5,5
1219730,"Wanzek - Bay Trail, FL - 91MW - NX Gemini",https://nextracker.app.box.com/file/753533665395,91,52,122.00,0,2163,980,1030,35,65.04,6.5,0.35,5,5,4,3,,,NXG - 1.3.5.5,5,5
1285700,"Invenergy - Richfield Solar, MD - 68.5MW",https://nextracker.app.box.com/file/753972680586?s=e8409cnbwybx9j716r138e6zzbtjl18y,68.5,108,107.00,20,2094,997,1038,35,60.62,6.5,0.35,8,8,7,4,,,NXG - 1.3.3.7,3,7
1219730,"Wanzek - Bay Trail, FL - 91MW - NX Gemini",https://nextracker.box.com/s/o5b37lfq2xu0w1pifjyvdzvw1msthrgn,91,104,122.00,0,2163,980,1030,35,65.04,6.5,0.35,11,11,8,5,,,NXG - 1.3.5.5,5,5
1276487,"Invenergy - Calhoun, MI- 250 MW - Gemini",https://nextracker.box.com/s/cq3hzsr34hqmapj80aoue19e03hgn6uh,250,108,100.00,25,2094,997,1038,35,60.62,6.5,0.35,7,7,7,4,,,NXG - 1.3.3.7,3,7
1318963,"OrigisEnergy - Golden Triangle, MS - 600MW - Gemini",https://nextracker.app.box.com/file/754789760949,600,120,101.00,10,2009,,1232,49,76.06,6.5,0.35,9,9,8,5,,,NXG - 1.3.FSLR S6,,
1318964,"OrigisEnergy - Golden Triangle, MS - 600MW - Gemini",https://nextracker.app.box.com/file/754792995107,600,60,101.00,10,2009,,1232,49,76.06,6,0.35,5,5,5,3,,,NXG - 1.3.FSLR S6,,
1318965,"OrigisEnergy - Golden Triangle, MS - 600MW - Gemini",https://nextracker.app.box.com/file/754795173971,600,100,101.00,10,2285,,1134,35,1098,6,0.35,9,9,7,5,,,NXG - 1.3.FSLR S6,,
1318966,"OrigisEnergy - Golden Triangle, MS - 600MW - Gemini",https://nextracker.app.box.com/file/754788699414,600,50,101.00,10,2285,,1134,35,69.66,6,0.35,5,5,4,3,,,NXG - 1.3.FSLR S6,,
1280292,"Invenergy - Mustang Mile, MI - 260MW - Gemini",https://nextracker.box.com/s/vi9tgrqo00fqzpwrw75kpaw495kkvz8s,260,112,99.00,60,2285,1098,1134,35,69.66,6.5,0.35,10,10,10,6,,,NXG - 1.3.7.17,7,17
1313058,"Moss - Duke - Pisgah Ridge, TX - 325MW - Gemini",https://nextracker.app.box.com/file/757045342636?s=od22rop2iqqhacthhcykexryxtdpz0t4,325,108,98.00,5,2024,957,1002,30,57.3,6.5,0.32,6,6,6,4,,,NXG - 1.3.2.3,2,3
1313059,"Moss - Duke - Pisgah Ridge, TX - 325MW - Gemini",https://nextracker.app.box.com/file/760365990351?s=vp4xoplgouok5m75zu8qv72uf9xfviar,325,54,98.00,5,2024,957,1002,30,57.3,6.5,0.35,3,3,3,2,,,NXG - 1.3.2.3,2,3
1328981,"McCarthy - Calhoun, MI - 250MW - Gemini",https://nextracker.app.box.com/file/757143818994,250,108,100.00,30,2094,997,1038,35,60.62,6.5,0.35,7,7,7,4,,,NXG - 1.3.3.7,3,7
1328981,"McCarthy - Calhoun, MI - 250MW - Gemini",https://nextracker.app.box.com/file/757141838431,250,54,100.00,30,2094,997,1038,35,60.62,6.5,0.35,4,4,4,2,,,NXG - 1.3.3.7,3,7
1325471,"Rosendin - Kensington, OH - 162MW - Gemini",https://nextracker.app.box.com/file/756307606666?s=df2zvai2jshsmpw74l8q4sa5x5hn92t6,162,104,101.00,25,2205,,1032,40,58.42,6.5,0.35,7,7,7,4,,,NXG - 1.3.FSLR S6,,
1325471,"Rosendin - Kensington, OH - 162MW - Gemini",https://nextracker.app.box.com/file/758567004953?s=es3l8bx7va0pek8xkii2g8x0iryrcdmh,162,52,101.00,25,2205,,1032,40,58.42,6.5,0.35,4,4,4,3,,,NXG - 1.3.FSLR S6,,
1331481,"Kiewit - Birchwood Solar, VA - 69MW",https://nextracker.box.com/s/66shrupao9r8xbxd5z0iumiwgd6en9iy,69,108,103.00,25,2384,1057,1096,35,71.9,6.5,0.34,11,11,8,6,,,NXG - 1.3.9.13,9,13
1096538,"McCarthy - Maple Flats, IL - 334MW",https://nextracker.box.com/s/y6xvwcpglhp22qc65s2z5bdcetf2rr7v,166,108,100.00,20,2131,1011,1052,35,65.04,6.5,0.33,7,7,7,4,,,NXG - 1.3.4.8,4,8
1332282,"Eclipse-M - CZBG Solar, OH - 29MW - Gemini",https://nextracker.app.box.com/file/759133395686,29,108,105.00,20,2030,963,1004,35,55.997,6.5,0.4,7,7,7,4,,,NXG - 1.3.2.3,2,3
1207003,"Gemma Power - CPV Maple Hill, PA - 127MW - Gemini",https://nextracker.box.com/s/p2uzpgdixok3411modr05t8nm7wcldid,127,108,101.00,50,2132,1040,1048,30,63.93,7,0.46,9,9,8,5,,,NXG - 1.3.4.11,4,11
1332282,"Eclipse-M - CZBG Solar, OH - 29MW - Gemini",https://nextracker.app.box.com/file/759133165572,29,54,105.00,20,2030,963,1004,35,55.997,6.5,0.4,4,4,4,2,,,NXG - 1.3.2.3,2,3
1337586,"IEA - Signal Ranch, TX - 60MW - Gemini",https://nextracker.app.box.com/file/745111765947?s=d0dazufsw00bvlmsnqfo2rrpzcl1xmv1,60,116,98.00,5,1966,954,992,40,49.82,6.5,0.35,,,,,,,NXG - 1.3.1.2,1,2
1337587,"IEA - Signal Ranch, TX - 60MW - Gemini",https://nextracker.app.box.com/file/744076281766,60,54,98.00,5,2205,982,1032,40,58.42,6.5,0.35,,,,,,,NXG - 1.3.6.5,6,5
1337588,"IEA - Signal Ranch, TX - 60MW - Gemini",https://nextracker.app.box.com/file/744076953390,60,108,98.00,5,2205,982,1032,40,58.42,6.5,0.35,,,,,,,NXG - 1.3.6.5,6,5
1337589,"IEA - Signal Ranch, TX - 60MW - Gemini",https://nextracker.app.box.com/file/744075802925,60,116,98.00,5,1966,954,992,40,49.82,6.5,0.35,,,,,,,NXG - 1.3.1.2,1,2
